{"metadata":{"asset_id":"4d4032c3-dc04-4026-9d1c-14a2603ca8b7","asset_attributes":["data_asset"],"name":"challengers.csv","asset_type":"data_asset","created_at":"2021-12-18T18:18:05Z","description":"","origin_country":"us","owner_id":"IBMid-663002ZJXJ","project_id":"05b70b41-1d59-44cb-a367-060df1fa91b3","size":388,"tags":[],"usage":{"last_update_time":1639851487457,"last_updated_at":"2021-12-18T18:18:07Z"}},"entity":{"data_asset":{"mime_type":"text/csv","dataset":false}},"attachments":[{"id":"bd99dd84-e431-459b-b2ac-dd525e5e5990","version":2,"asset_type":"data_asset","name":"challengers.csv","mime":"text/csv","datasource_type":"193a97c1-4475-4a19-b90c-295c4fdc6517","object_key":"challengers.csv","creator_id":"IBMid-663002ZJXJ","create_time":1639851487457,"size":388,"is_remote":false,"is_managed":false,"is_referenced":true,"is_object_key_read_only":true,"is_user_provided_path_key":true,"transfer_complete":true,"is_partitioned":false,"complete_time_ticks":1639851487457,"user_data":{},"test_doc":0,"handle":{"bucket":"challengerpredectivemodel-donotdelete-pr-4r3wsuvv5rdml4","location":"us-geo","key":"challengers.csv","upload_id":"done","max_part_num":1},"usage":{"access_count":0,"last_accessor_id":"IBMid-663002ZJXJ","last_access_time":1639851487457}}]}
