{"metadata":{"asset_id":"74e2e3cf-86e2-46fc-903f-1e6dd5bb52f4","asset_attributes":["data_flow"],"name":"challengers.csv_flow","asset_type":"data_flow","created_at":"2021-12-18T18:27:16Z","description":"","origin_country":"us","owner_id":"IBMid-663002ZJXJ","project_id":"05b70b41-1d59-44cb-a367-060df1fa91b3","size":0,"tags":[],"usage":{"last_update_time":1639852036883,"last_updated_at":"2021-12-18T18:27:16Z"}},"entity":{"data_flow":{"pipeline":{"primary_pipeline":"pipeline1","pipelines":[{"nodes":[{"output":{"id":"source1output"},"data_asset":{"ref":"4d4032c3-dc04-4026-9d1c-14a2603ca8b7","app_data":{"dataset_name":"challengers.csv"},"properties":{"first_line_header":"true","encoding":"UTF-8","invalid_data_handling":"fail","file_format":"csv"}},"id":"source1","type":"binding"},{"outputs":[{"id":"outputPort1"}],"op":"com.ibm.wdp.transformer.FreeformCode","inputs":[{"links":[{"node_id_ref":"source1","port_id_ref":"source1output"}],"id":"inputPort1"}],"id":"14aea7bb-180d-4a8d-ba97-7557a86770bc","type":"execution_node","app_data":{"uiParams":{"args":{"auto":true,"type":"mutate","conditions":[],"version":6,"autoConditions":[{"removeColumn":false,"newColumnName":"","actualType":"character","column":"o_ring_ct","format":"","type":"as.integer"},{"removeColumn":false,"newColumnName":"","actualType":"character","column":"o_ring_failures","format":"","type":"as.integer"},{"removeColumn":false,"newColumnName":"","actualType":"character","column":"temperature","format":"","type":"as.integer"},{"removeColumn":false,"newColumnName":"","actualType":"character","column":"pressure","format":"","type":"as.integer"},{"removeColumn":false,"newColumnName":"","actualType":"character","column":"launch_id","format":"","type":"as.integer"}]},"code":"mutate(`o_ring_ct` = as.integer(`o_ring_ct`),`o_ring_failures` = as.integer(`o_ring_failures`),`temperature` = as.integer(`temperature`),`pressure` = as.integer(`pressure`),`launch_id` = as.integer(`launch_id`))","automatic":true,"key":"mutate"}},"parameters":{"FREEFORM_CODE":"mutate(`o_ring_ct` = as.integer(`o_ring_ct`),`o_ring_failures` = as.integer(`o_ring_failures`),`temperature` = as.integer(`temperature`),`pressure` = as.integer(`pressure`),`launch_id` = as.integer(`launch_id`))"}},{"input":{"link":{"node_id_ref":"14aea7bb-180d-4a8d-ba97-7557a86770bc","port_id_ref":"outputPort1"},"id":"targetInput1"},"data_asset":{"project_ref":"05b70b41-1d59-44cb-a367-060df1fa91b3","app_data":{"targetType":"dataAsset","project_name":"Challenger predective model"},"properties":{"mode":"overwrite","name":"challengers_csv_shaped","first_line_header":true,"file_format":"csv"}},"id":"target1","type":"binding"}],"runtime":"Spark","id":"pipeline1"}],"doc_type":"pipeline","id":"f26ef580-1a85-4467-8acd-9c8f294e59b9","app_data":{"replace_space_by_dot":true,"shaperCreated":true},"version":"1.0"},"_entity_only":true}}}
