{"metadata":{"asset_id":"c6117d92-fb09-4d1d-8956-7d16f4145db4","asset_attributes":["data_asset"],"name":"insurance .csv","asset_type":"data_asset","created_at":"2021-12-20T16:56:13Z","description":"","origin_country":"us","owner_id":"IBMid-663002ZJXJ","project_id":"2c52966f-cbe1-46dd-bfc8-8dd5a46c6331","size":55628,"tags":[],"usage":{"last_update_time":1640019374893,"last_updated_at":"2021-12-20T16:56:14Z"}},"entity":{"data_asset":{"mime_type":"text/csv","dataset":false}},"attachments":[{"id":"48c8ee17-2c91-438f-a221-537ea3812e48","version":2,"asset_type":"data_asset","name":"insurance .csv","mime":"text/csv","datasource_type":"193a97c1-4475-4a19-b90c-295c4fdc6517","object_key":"insurance .csv","creator_id":"IBMid-663002ZJXJ","create_time":1640019374892,"size":55628,"is_remote":false,"is_managed":false,"is_referenced":true,"is_object_key_read_only":true,"is_user_provided_path_key":true,"transfer_complete":true,"is_partitioned":false,"complete_time_ticks":1640019374892,"user_data":{},"test_doc":0,"handle":{"bucket":"medicalpremiumcharges-donotdelete-pr-336ehf25fojvex","location":"us-geo","key":"insurance .csv","upload_id":"done","max_part_num":1},"usage":{"access_count":0,"last_accessor_id":"IBMid-663002ZJXJ","last_access_time":1640019374892}}]}
