{"metadata":{"asset_id":"a49bfd8b-01bd-41e9-aa09-f24adfff7c3f","asset_attributes":["data_flow"],"name":"insurance .csv_flow","asset_type":"data_flow","created_at":"2021-12-20T17:01:16Z","description":"","origin_country":"us","owner_id":"IBMid-663002ZJXJ","project_id":"2c52966f-cbe1-46dd-bfc8-8dd5a46c6331","size":0,"tags":[],"usage":{"last_update_time":1640019676926,"last_updated_at":"2021-12-20T17:01:16Z"}},"entity":{"data_flow":{"pipeline":{"primary_pipeline":"pipeline1","pipelines":[{"nodes":[{"output":{"id":"source1output"},"data_asset":{"ref":"c6117d92-fb09-4d1d-8956-7d16f4145db4","app_data":{"dataset_name":"insurance .csv"},"properties":{"first_line_header":"true","encoding":"UTF-8","invalid_data_handling":"fail","file_format":"csv"}},"id":"source1","type":"binding"},{"outputs":[{"id":"outputPort1"}],"op":"com.ibm.wdp.transformer.FreeformCode","inputs":[{"links":[{"node_id_ref":"source1","port_id_ref":"source1output"}],"id":"inputPort1"}],"id":"e0e1b2a5-859b-499d-839c-1d039945a90a","type":"execution_node","app_data":{"uiParams":{"args":{"auto":true,"type":"mutate","conditions":[],"version":6,"autoConditions":[{"removeColumn":false,"newColumnName":"","actualType":"character","column":"age","format":"","type":"as.integer"},{"removeColumn":false,"newColumnName":"","actualType":"character","column":"bmi","format":"","type":"as.double"},{"removeColumn":false,"newColumnName":"","actualType":"character","column":"children","format":"","type":"as.integer"},{"removeColumn":false,"newColumnName":"","actualType":"character","column":"premium","format":"","type":"as.double"}]},"code":"mutate(`age` = as.integer(`age`),`bmi` = as.double(`bmi`),`children` = as.integer(`children`),`premium` = as.double(`premium`))","automatic":true,"key":"mutate"}},"parameters":{"FREEFORM_CODE":"mutate(`age` = as.integer(`age`),`bmi` = as.double(`bmi`),`children` = as.integer(`children`),`premium` = as.double(`premium`))"}},{"input":{"link":{"node_id_ref":"e0e1b2a5-859b-499d-839c-1d039945a90a","port_id_ref":"outputPort1"},"id":"targetInput1"},"data_asset":{"project_ref":"2c52966f-cbe1-46dd-bfc8-8dd5a46c6331","app_data":{"targetType":"dataAsset","project_name":"Medical Premium Charges"},"properties":{"mode":"overwrite","name":"insurance _csv_shaped","first_line_header":true,"file_format":"csv"}},"id":"target1","type":"binding"}],"runtime":"Spark","id":"pipeline1"}],"doc_type":"pipeline","id":"63de2df3-16cd-471d-911d-9e60ec47280f","app_data":{"replace_space_by_dot":true,"shaperCreated":true},"version":"1.0"},"_entity_only":true}}}
