{"metadata":{"asset_id":"778eaf65-e083-4e10-9a4e-6c506b437fe9","asset_attributes":["wml_model","modelfacts_system","modelfacts_user"],"name":"Medical Premium Charges","asset_type":"wml_model","created_at":"2021-12-21T07:15:00Z","description":"","origin_country":"us","owner_id":"IBMid-663002ZJXJ","project_id":"2c52966f-cbe1-46dd-bfc8-8dd5a46c6331","sandbox_id":"2c52966f-cbe1-46dd-bfc8-8dd5a46c6331","size":33929,"tags":[],"usage":{"last_update_time":1640077458178,"last_updated_at":"2021-12-21T09:04:18Z"}},"entity":{"wml_model":{"hybrid_pipeline_software_specs":[],"software_spec":{"base_id":"687eddc9-028a-4117-b9dd-e57b36f1efa5","name":"spss-modeler_18.2"},"ml_version":"4.0.12","type":"spss-modeler_18.2","schemas":{"input":[{"fields":[{"metadata":{},"name":"age","nullable":true,"type":"integer"},{"metadata":{},"name":"sex","nullable":true,"type":"string"},{"metadata":{},"name":"bmi","nullable":true,"type":"double"},{"metadata":{},"name":"children","nullable":true,"type":"integer"},{"metadata":{},"name":"smoker","nullable":true,"type":"string"},{"metadata":{},"name":"region","nullable":true,"type":"string"},{"metadata":{},"name":"premium","nullable":true,"type":"double"}],"id":"insurance .csv","name":"insurance .csv","type":"struct"}],"output":[{"fields":[{"metadata":{},"name":"age","nullable":true,"type":"integer"},{"metadata":{},"name":"sex","nullable":true,"type":"string"},{"metadata":{},"name":"bmi","nullable":true,"type":"double"},{"metadata":{},"name":"children","nullable":true,"type":"integer"},{"metadata":{},"name":"smoker","nullable":true,"type":"string"},{"metadata":{},"name":"region","nullable":true,"type":"string"},{"metadata":{},"name":"premium","nullable":true,"type":"double"},{"metadata":{},"name":"Partition","nullable":true,"type":"string"}],"id":"id4GZX4DA3KMV","name":"K-Means","type":"struct"}]}},"modelfacts_system":{"model_information":{"model_type":"spss-modeler_18.2","input_type":"","algorithm":"","prediction_type":"","software_spec":"spss-modeler_18.2","software_spec_id":"687eddc9-028a-4117-b9dd-e57b36f1efa5"},"training_information":{"project_name":"Medical Premium Charges","training_data_references":[],"hyper_parameters":"","hybrid_pipeline":[],"features":7}},"modelfacts_user":{}},"attachments":[{"id":"ccf222a6-82b1-4b8a-bb3a-1e331dfa528e","version":2,"asset_type":"wml_model","datasource_type":"193a97c1-4475-4a19-b90c-295c4fdc6517","creator_id":"IBMid-663002ZJXJ","create_time":1640070901993,"size":33929,"is_remote":false,"is_managed":true,"is_referenced":false,"is_object_key_read_only":false,"is_user_provided_path_key":false,"transfer_complete":true,"is_partitioned":false,"complete_time_ticks":1640070904392,"user_data":{"content_format":"native"},"test_doc":0,"handle":{"bucket":"medicalpremiumcharges-donotdelete-pr-336ehf25fojvex","location":"us-geo","type":"bluemix_cos","key":"20cf47b1-45b2-4453-b641-9d1e489db170/778eaf65-e083-4e10-9a4e-6c506b437fe9/ccf222a6-82b1-4b8a-bb3a-1e331dfa528e","upload_id":"done","max_part_num":1},"usage":{"access_count":0,"last_accessor_id":"IBMid-663002ZJXJ","last_access_time":1640070901993}}]}
