{"metadata":{"asset_id":"4db5f647-ef14-45da-9d14-2933bfdf8b87","asset_attributes":["data_flow"],"name":"bank.csv_flow","asset_type":"data_flow","created_at":"2021-12-20T08:26:33Z","description":"","origin_country":"us","owner_id":"IBMid-663002ZJXJ","project_id":"6aa7263f-7671-435a-b93f-07d7274c4fde","size":0,"tags":[],"usage":{"last_update_time":1639988793584,"last_updated_at":"2021-12-20T08:26:33Z"}},"entity":{"data_flow":{"pipeline":{"primary_pipeline":"pipeline1","pipelines":[{"nodes":[{"output":{"id":"source1output"},"data_asset":{"ref":"896d3e27-3de9-4add-9edc-02b2e83370ed","app_data":{"dataset_name":"bank.csv"},"properties":{"first_line_header":"true","encoding":"UTF-8","invalid_data_handling":"fail","file_format":"csv"}},"id":"source1","type":"binding"},{"outputs":[{"id":"outputPort1"}],"op":"com.ibm.wdp.transformer.FreeformCode","inputs":[{"links":[{"node_id_ref":"source1","port_id_ref":"source1output"}],"id":"inputPort1"}],"id":"87629853-5766-4f73-9719-382057fb9471","type":"execution_node","app_data":{"uiParams":{"args":{"auto":true,"type":"mutate","conditions":[],"version":6,"autoConditions":[{"removeColumn":false,"newColumnName":"","actualType":"character","column":"age","format":"","type":"as.integer"},{"removeColumn":false,"newColumnName":"","actualType":"character","column":"balance","format":"","type":"as.integer"},{"removeColumn":false,"newColumnName":"","actualType":"character","column":"day","format":"","type":"as.integer"},{"removeColumn":false,"newColumnName":"","actualType":"character","column":"duration","format":"","type":"as.integer"},{"removeColumn":false,"newColumnName":"","actualType":"character","column":"campaign","format":"","type":"as.integer"},{"removeColumn":false,"newColumnName":"","actualType":"character","column":"pdays","format":"","type":"as.integer"},{"removeColumn":false,"newColumnName":"","actualType":"character","column":"previous","format":"","type":"as.integer"}]},"code":"mutate(`age` = as.integer(`age`),`balance` = as.integer(`balance`),`day` = as.integer(`day`),`duration` = as.integer(`duration`),`campaign` = as.integer(`campaign`),`pdays` = as.integer(`pdays`),`previous` = as.integer(`previous`))","automatic":true,"key":"mutate"}},"parameters":{"FREEFORM_CODE":"mutate(`age` = as.integer(`age`),`balance` = as.integer(`balance`),`day` = as.integer(`day`),`duration` = as.integer(`duration`),`campaign` = as.integer(`campaign`),`pdays` = as.integer(`pdays`),`previous` = as.integer(`previous`))"}},{"input":{"link":{"node_id_ref":"87629853-5766-4f73-9719-382057fb9471","port_id_ref":"outputPort1"},"id":"targetInput1"},"data_asset":{"project_ref":"6aa7263f-7671-435a-b93f-07d7274c4fde","app_data":{"targetType":"dataAsset","project_name":"Term Deposit"},"properties":{"mode":"overwrite","name":"bank_csv_shaped","first_line_header":true,"file_format":"csv"}},"id":"target1","type":"binding"}],"runtime":"Spark","id":"pipeline1"}],"doc_type":"pipeline","id":"c8cdcee2-e6c3-4341-a6d8-375335d21c9c","app_data":{"replace_space_by_dot":true,"shaperCreated":true},"version":"1.0"},"_entity_only":true}}}
