{"metadata":{"asset_id":"896d3e27-3de9-4add-9edc-02b2e83370ed","asset_attributes":["data_asset"],"name":"bank.csv","asset_type":"data_asset","created_at":"2021-12-20T08:23:32Z","description":"","origin_country":"us","owner_id":"IBMid-663002ZJXJ","project_id":"6aa7263f-7671-435a-b93f-07d7274c4fde","size":918960,"tags":[],"usage":{"last_update_time":1639988617124,"last_updated_at":"2021-12-20T08:23:37Z"}},"entity":{"data_asset":{"mime_type":"text/csv","dataset":false}},"attachments":[{"id":"3cf8652a-384a-4fdd-9c4f-9e22e1e18b8b","version":2,"asset_type":"data_asset","name":"bank.csv","mime":"text/csv","datasource_type":"193a97c1-4475-4a19-b90c-295c4fdc6517","object_key":"bank.csv","creator_id":"IBMid-663002ZJXJ","create_time":1639988617123,"size":918960,"is_remote":false,"is_managed":false,"is_referenced":true,"is_object_key_read_only":true,"is_user_provided_path_key":true,"transfer_complete":true,"is_partitioned":false,"complete_time_ticks":1639988617123,"user_data":{},"test_doc":0,"handle":{"bucket":"termdeposit-donotdelete-pr-d014vmpyvsuceq","location":"us-geo","key":"bank.csv","upload_id":"done","max_part_num":1},"usage":{"access_count":0,"last_accessor_id":"IBMid-663002ZJXJ","last_access_time":1639988617123}}]}
